state,abbr,population,qualifying_share,counted_population,counted_population_share_of_us,actual_house_2024,hypothetical_house,house_change,actual_ev_2024,hypothetical_ev,ev_change,fips,foreign_born_share,second_generation_proxy,third_plus_proxy,black_alone_share,old_stock_factor,fertility_factor,average_qualifying_ancestry,any_qualifying_ancestor_share,primary_qualifying_ancestry_share,average_qualifying_ancestry_uncalibrated,any_qualifying_ancestor_share_uncalibrated,primary_qualifying_ancestry_share_uncalibrated
Texas,TX,29145505,0.2905303612299933,8467654.095880575,0.0686756988633554,38,30,-8,40,32,-8,48,0.17,0.1412768382373383,0.6887231617626617,0.12,0.68,1.08,0.3294318142621038,0.5286293811602707,0.2905303612299933,0.2673949638700801,0.3599476629033475,0.236546767488526
Pennsylvania,PA,13002700,0.5549103501897193,7215332.810411864,0.05851892598302961,17,25,8,19,27,8,42,0.075,0.0796708785534917,0.8453291214465083,0.11,1.04,0.94,0.6171907135823286,0.9726401053643898,0.5549103501897193,0.5009646349092166,0.6622778552405775,0.4518021766385807
California,CA,39538223,0.1695412041838473,6703357.938709487,0.05436662692634725,52,24,-28,54,26,-28,6,0.267,0.1937825224867349,0.539217477513265,0.055,0.48,0.96,0.1966089066868414,0.3219388930822534,0.1695412041838473,0.159584561126316,0.2192105779446163,0.1380386670639674
Ohio,OH,11799448,0.585668350746062,6910563.24987392,0.056047136001386014,15,24,9,17,26,9,39,0.05,0.0599840416930275,0.8900159583069724,0.12,1.04,0.97,0.6482085435136885,1.0,0.585668350746062,0.5261413517736825,0.6922900077557785,0.4768450175148686
Michigan,MI,10077331,0.4956918657482558,4995251.005152737,0.040513269660322336,13,18,5,15,20,5,26,0.07,0.0759146073202896,0.8540853926797103,0.135,0.95,0.94,0.5508631841500786,0.8674172038033101,0.4956918657482558,0.4471275537036436,0.5906308018405382,0.4035871088195288
New York,NY,20201249,0.2522545207224725,5095856.384490327,0.041329215217047806,26,18,-8,28,20,-8,36,0.225,0.1719034071634558,0.6030965928365442,0.155,0.78,0.92,0.2905879772967717,0.4730256926667626,0.2522545207224725,0.2358659920699965,0.322086699371364,0.2053829803145137
Illinois,IL,12812508,0.3733309011354554,4783305.157445231,0.03879431314087968,17,17,0,19,19,0,17,0.14,0.1233236434286956,0.7366763565713043,0.14,0.86,0.95,0.4207374862725496,0.6713333513271154,0.3733309011354554,0.3415064364461369,0.457115853660818,0.3039620970878882
Florida,FL,21538187,0.2130860683782321,4589487.587825149,0.03722238343107592,28,16,-12,30,18,-12,12,0.21,0.1637986161163232,0.6262013838836769,0.15,0.62,0.92,0.2443211976602653,0.3960459816472313,0.2130860683782321,0.1983119267560571,0.2696706436999245,0.1734924379617858
North Carolina,NC,10439388,0.4132186813869249,4313750.143846488,0.034986054283284884,14,15,1,16,17,1,37,0.085,0.0869660950654662,0.8280339049345338,0.205,0.9,1.0,0.4608144816560936,0.7280379852449084,0.4132186813869249,0.3740363448176395,0.4957264590904684,0.3364383086646483
Indiana,IN,6785528,0.5791360488844075,3929743.8755145157,0.031871626302761094,9,14,5,11,16,5,18,0.055,0.0641225233758177,0.8808774766241823,0.095,1.0,1.0,0.6415820628490616,1.0,0.5791360488844075,0.5207627347695156,0.685834295655358,0.4715264859745093
Missouri,MO,6154913,0.6053344553553942,3725780.9086148352,0.030217413797683283,8,13,5,10,15,5,29,0.045,0.0557192781626833,0.8992807218373167,0.115,1.05,0.99,0.6691759708166007,1.0,0.6053344553553942,0.5431603044776554,0.7138607447090141,0.4928569532545074
Tennessee,TN,6910840,0.5486530461230675,3791653.41726914,0.03075166336863796,9,13,4,11,15,4,47,0.055,0.0641225233758177,0.8808774766241823,0.165,1.04,1.0,0.6079615516335047,0.9546797737780957,0.5486530461230675,0.493473459743319,0.6500485323730772,0.4467075454134897
Wisconsin,WI,5893718,0.6054548660275155,3568380.2420939566,0.028940838177980294,8,13,5,10,15,5,55,0.055,0.0641225233758177,0.8808774766241823,0.065,1.02,0.95,0.6706767577788697,1.0,0.6054548660275155,0.5443784712064866,0.7168719852316704,0.4929549903585844
Georgia,GA,10711908,0.2868558920128471,3072773.924499553,0.02492129394099405,14,11,-3,16,13,-3,13,0.105,0.1008298755726199,0.7941701244273801,0.31,0.8,1.02,0.3217634887926276,0.5111542641717165,0.2868558920128471,0.2611706967438237,0.3480487262510058,0.2335550532598573
Kentucky,KY,4505836,0.6767372006701191,3049266.841318647,0.024730643101055615,6,11,5,8,13,5,21,0.04,0.0513096102603992,0.9086903897396008,0.08,1.1,1.03,0.7469136534457209,1.0,0.6767372006701191,0.6062588394036689,0.7955566778239511,0.5509923182555991
Virginia,VA,8631393,0.360104811075767,3108206.1455856976,0.025208661908298676,11,11,0,13,13,0,51,0.125,0.1139183618092219,0.7610816381907781,0.19,0.86,0.98,0.4048905577047926,0.6446495167315521,0.360104811075767,0.3286437173389417,0.4389466329510434,0.2931935535288393
Massachusetts,MA,7029917,0.3851988260288431,2707915.7754802066,0.02196216404667258,9,10,1,11,12,1,25,0.18,0.147044056636432,0.672955943363568,0.075,0.9,0.89,0.4372454507289114,0.7023274764761802,0.3851988260288431,0.3549057086726664,0.4782199831487652,0.3136248368388814
Minnesota,MN,5706494,0.5220572257629474,2979116.426472905,0.024161698183073038,8,10,2,10,12,2,27,0.09,0.0905162344217584,0.8194837655782417,0.07,0.95,0.98,0.5821563827611783,0.9196957733396918,0.5220572257629474,0.4725277832799429,0.6262276672346802,0.4250535079206176
Colorado,CO,5773714,0.4361123789323898,2517988.147815244,0.02042178315538228,8,9,1,10,11,1,8,0.1,0.0974443632165878,0.8025556367834121,0.04,0.78,0.98,0.4871093089801419,0.7707281332590676,0.4361123789323898,0.3953794698525815,0.5247944972176112,0.3550781166603182
Washington,WA,7705281,0.3379517161728959,2604012.9375444073,0.021119474923058237,10,9,-1,12,11,-1,53,0.145,0.1263904684398878,0.7286095315601121,0.04,0.68,0.92,0.380629344913015,0.6069851932454575,0.3379517161728959,0.3089512473434961,0.4133007159876329,0.2751567364232
Alabama,AL,5024279,0.4566847185350978,2294511.4409568026,0.0186093072500839,7,8,1,9,10,1,1,0.037,0.0485845213828894,0.9144154786171104,0.26,0.94,1.03,0.5037657892602135,0.7876083134756221,0.4566847185350978,0.4088992901913326,0.5362883370132732,0.3718278994096827
Arizona,AZ,7151502,0.3220986179896851,2303488.9107504687,0.018682117736332344,9,8,-1,11,10,-1,4,0.135,0.120223774793981,0.744776225206019,0.05,0.62,1.06,0.3621333595341905,0.5765372552409241,0.3220986179896851,0.2939383277407241,0.3925684893737757,0.2622493104521562
New Jersey,NJ,9288994,0.2398000462794808,2227501.191089819,0.01806583019156046,12,8,-4,14,10,-4,34,0.235,0.1772165287451348,0.5877834712548652,0.13,0.72,0.95,0.2766747771798617,0.4510080139371997,0.2398000462794808,0.2245728519374579,0.3070946987680905,0.1952426780831543
Iowa,IA,3190369,0.650650511801023,2075815.2226841177,0.016835602814524092,4,7,3,6,9,3,19,0.055,0.0641225233758177,0.8808774766241823,0.04,1.05,1.0,0.7206891754404124,1.0,0.650650511801023,0.5849728158772283,0.7702758051155378,0.5297528102732348
Oklahoma,OK,3959353,0.5156370145847526,2041588.960607184,0.016558015605481476,5,7,2,7,9,2,40,0.06,0.0681494879688714,0.8718505120311285,0.07,0.86,1.06,0.5717528032681011,0.8983897420025994,0.5156370145847526,0.4640833506470412,0.6117202326144187,0.4198262394369859
South Carolina,SC,5118425,0.393486750594134,2014032.4214097804,0.016334522231022806,7,7,0,9,9,0,45,0.055,0.0641225233758177,0.8808774766241823,0.26,0.86,1.0,0.4362060365471873,0.6852507073163042,0.393486750594134,0.3540620314516587,0.4665922844848241,0.320372777938078
Arkansas,AR,3011524,0.5617270640930093,1691654.5349656357,0.013719922437626224,4,6,2,6,8,2,5,0.05,0.0599840416930275,0.8900159583069724,0.15,1.02,1.04,0.6217679347315139,0.9753312065730896,0.5617270640930093,0.5046798980708918,0.6641102459952907,0.4573522734749001
Kansas,KS,2937880,0.5480429795809495,1610084.50885128,0.013058360393844726,4,6,2,6,8,2,20,0.075,0.0796708785534917,0.8453291214465083,0.06,0.94,1.03,0.6093975941642087,0.9601255349965838,0.5480429795809495,0.4946390743682258,0.6537565915411511,0.4462108356449134
Oregon,OR,4237256,0.406649679317919,1723078.7935879282,0.013974784397941612,6,6,0,8,8,0,41,0.1,0.0974443632165878,0.8025556367834121,0.02,0.72,0.92,0.4541366993779767,0.7184603186279431,0.406649679317919,0.3686160870474879,0.4892049549181552,0.3310898962010755
Connecticut,CT,3605944,0.4000990225798152,1442734.6698775492,0.011701093432292515,5,5,0,7,7,0,9,0.155,0.1324307719588828,0.7125692280411171,0.11,0.92,0.92,0.4520785856957061,0.723085266393083,0.4000990225798152,0.3669455464078597,0.4923541161234183,0.3257564203131675
Louisiana,LA,4657757,0.334625842879898,1558605.862054745,0.01264085018319361,6,5,-1,8,7,-1,22,0.045,0.0557192781626833,0.8992807218373167,0.32,0.78,1.02,0.3701703347439685,0.5803283374092717,0.334625842879898,0.3004618224452564,0.3951498653150376,0.2724488453332486
Maryland,MD,6177224,0.2404285492320888,1485181.0046016406,0.01204534836622788,8,5,-3,10,7,-3,24,0.155,0.1324307719588828,0.7125692280411171,0.29,0.78,0.96,0.2730944584374995,0.4389248158563142,0.2404285492320888,0.2216667598136547,0.298867159655401,0.1957543985834387
Utah,UT,3271616,0.4448832345102588,1455487.1081555148,0.011804520261144341,4,5,1,6,7,1,49,0.09,0.0905162344217584,0.8194837655782417,0.015,0.72,1.18,0.4959302054983435,0.783222805636504,0.4448832345102588,0.4025392619663743,0.5333022122279459,0.3622192551157626
West Virginia,WV,1793716,0.7939560979075911,1424131.7561144128,0.011550217157811765,2,5,3,4,7,3,54,0.018,0.0293391464846822,0.9526608535153176,0.035,1.18,0.98,0.8700928952115522,1.0,0.7939560979075911,0.7062416202874618,0.9145679534018216,0.6464307127583462
Maine,ME,1362359,0.7440141353252242,1013614.3533875371,0.008220774409134409,2,4,2,4,6,2,23,0.04,0.0513096102603992,0.9086903897396008,0.02,1.16,0.92,0.8210822207027054,1.0,0.7440141353252242,0.6664603758169004,0.8744678523779366,0.6057684915678394
Mississippi,MS,2961279,0.3593429013377535,1064114.5875305613,0.008630349343734356,4,4,0,6,6,0,28,0.025,0.0369245089101096,0.9380754910898904,0.37,0.85,1.04,0.394886510457687,0.6151022401207497,0.3593429013377535,0.3205235791604656,0.418827673354296,0.2925732146255931
Nebraska,NE,1961504,0.5622825188398872,1102919.4098345141,0.008945070311409306,3,4,1,5,6,1,31,0.075,0.0796708785534917,0.8453291214465083,0.05,0.95,1.04,0.6252018770595057,0.9849814240278844,0.5622825188398872,0.5074671786096036,0.6706811505707012,0.4578045188936022
Idaho,ID,1839106,0.4920703894793856,904969.6057138749,0.007339626704016001,2,3,1,4,5,1,16,0.06,0.0681494879688714,0.8718505120311285,0.01,0.76,1.08,0.5455168984862829,0.8570076426636578,0.4920703894793856,0.4427880521739814,0.5835428545231881,0.4006385408925454
New Hampshire,NH,1377529,0.6974312623740323,960731.7894268384,0.00779187792888566,2,3,1,4,5,1,33,0.065,0.0720768953570675,0.8629231046429325,0.018,1.15,0.9,0.7739314073633659,1.0,0.6974312623740323,0.6281887533339351,0.8286486281040975,0.5678412058608213
Montana,MT,1084225,0.5246147299966364,568800.4056306031,0.004613174431563675,2,2,0,4,4,0,30,0.025,0.0369245089101096,0.9380754910898904,0.006,0.76,1.02,0.5762594062835816,0.8972456668643317,0.5246147299966364,0.4677412941070571,0.6109412233748993,0.4271358009957927
Nevada,NV,3104614,0.1913333705975222,594016.2610242558,0.004817684024419962,4,2,-2,6,4,-2,32,0.19,0.1527158953016158,0.6572841046983843,0.09,0.46,0.98,0.2177650209399401,0.3506405313492028,0.1913333705975222,0.1767566682557075,0.2387537361266499,0.1557816199860067
New Mexico,NM,2117522,0.3046150951040113,645029.1654148363,0.0052314168978231145,3,2,-1,5,4,-1,35,0.095,0.0940076606647757,0.8109923393352243,0.02,0.52,1.02,0.33988211685476,0.537248660774335,0.3046150951040113,0.275877320956489,0.3658165942635064,0.2480144098193653
North Dakota,ND,779094,0.5324151121875622,414801.4194146566,0.003364187654012916,1,2,1,3,4,1,38,0.045,0.0557192781626833,0.8992807218373167,0.035,0.82,1.08,0.5884608175284651,0.9217804073990872,0.5324151121875622,0.4776450003604969,0.6276471100133639,0.4334867902164267
Rhode Island,RI,1097379,0.4158082091998295,456299.1968034997,0.003700749449190779,2,2,0,4,4,0,44,0.145,0.1263904684398878,0.7286095315601121,0.055,0.86,0.9,0.4684214820576265,0.7471403918165868,0.4158082091998295,0.3802108352871884,0.508733429278568,0.3385466750015465
South Dakota,SD,886667,0.5178171504020687,459131.379295551,0.0037237194606895723,1,2,1,3,4,1,46,0.04,0.0513096102603992,0.9086903897396008,0.025,0.78,1.08,0.5714594249989278,0.8938362040199798,0.5178171504020687,0.463845219816048,0.6086196948592374,0.4216012831125892
Vermont,VT,643077,0.7498068410603926,482183.53392859414,0.003910680667631238,1,2,1,3,4,1,50,0.045,0.0557192781626833,0.8992807218373167,0.014,1.18,0.9,0.8287021936465244,1.0,0.7498068410603926,0.6726453959084401,0.8838508462574501,0.6104848517130073
Alaska,AK,733391,0.2901994726751732,212829.68146471796,0.0017261247268668498,1,1,0,3,3,0,2,0.08,0.0833527077802274,0.8366472922197725,0.03,0.48,1.07,0.3229391609117279,0.5091792589930426,0.2901994726751732,0.2621249725307997,0.3467039305895816,0.236277361503863
Delaware,DE,989948,0.3758827164317718,372104.34336619964,0.00301789911838696,1,1,0,3,3,0,10,0.1,0.0974443632165878,0.8025556367834121,0.22,0.88,0.98,0.4205594854251169,0.6665130885375744,0.3758827164317718,0.3413619557733314,0.4538337010081087,0.3060397582900287
District of Columbia,DC,689545,0.1164640936525423,80307.23345764229,0.0006513203443406227,0,0,0,3,3,0,11,0.14,0.1233236434286956,0.7366763565713043,0.44,0.55,0.88,0.1327064875330978,0.2139069255507509,0.1164640936525423,0.1077159063058955,0.1456508107094591,0.0948238413546768
Hawaii,HI,1455271,0.1433276023717995,208580.50323121104,0.0016916623738376902,2,1,-1,4,3,-1,15,0.185,0.1498914744864358,0.665108525513564,0.02,0.3,1.02,0.1626532492884049,0.2612031661819549,0.1433276023717995,0.1320232528671938,0.1778551714318058,0.116695827896936
Wyoming,WY,576851,0.4878317997595864,281406.2615231172,0.0022823052826432782,1,1,0,3,3,0,56,0.035,0.0467309223468238,0.918269077653176,0.01,0.72,1.05,0.5375404468963147,0.8395275401768725,0.4878317997595864,0.4363136836024808,0.5716405232081571,0.3971875256778743
